1000010617	Aceite
1000010618	Aceite
1000010623	Aceite
1000010695	Aceite
1000010776	Aceite
1000010806	Aceite
1000010817	Aceite
1000010819	Aceite
1000010827	Aceite
1000010829	Aceite
1000010831	Aceite
1000010878	Aceite
1000010879	Aceite
1000010885	Aceite
1000010212	Agar Agar
1000010647	Agar Agar
1000010817	Agar Agar
1000010827	Agar Agar
1000010829	Agar Agar
1000010831	Agar Agar
1000010838	Agar Agar
1000010845	Agar Agar
1000010056	Ahumado
1000010064	Ahumado
1000010095	Ahumado
1000010097	Ahumado
1000010116	Ahumado
1000010122	Ahumado
1000010160	Ahumado
1000010195	Ahumado
1000010210	Ahumado
1000010212	Ahumado
1000010213	Ahumado
1000010217	Ahumado
1000010229	Ahumado
1000010274	Ahumado
1000010279	Ahumado
1000010604	Ahumado
1000010608	Ahumado
1000010613	Ahumado
1000010620	Ahumado
1000010622	Ahumado
1000010632	Ahumado
1000010647	Ahumado
1000010651	Ahumado
1000010652	Ahumado
1000010663	Ahumado
1000010666	Ahumado
1000010667	Ahumado
1000010669	Ahumado
1000010670	Ahumado
1000010673	Ahumado
1000010675	Ahumado
1000010685	Ahumado
1000010688	Ahumado
1000010692	Ahumado
1000010695	Ahumado
1000010703	Ahumado
1000010707	Ahumado
1000010715	Ahumado
1000010716	Ahumado
1000010718	Ahumado
1000010719	Ahumado
1000010721	Ahumado
1000010722	Ahumado
1000010729	Ahumado
1000010731	Ahumado
1000010732	Ahumado
1000010743	Ahumado
1000010749	Ahumado
1000010754	Ahumado
1000010755	Ahumado
1000010759	Ahumado
1000010764	Ahumado
1000010766	Ahumado
1000010767	Ahumado
1000010769	Ahumado
1000010772	Ahumado
1000010773	Ahumado
1000010782	Ahumado
1000010784	Ahumado
1000010785	Ahumado
1000010793	Ahumado
1000010798	Ahumado
1000010803	Ahumado
1000010806	Ahumado
1000010807	Ahumado
1000010812	Ahumado
1000010817	Ahumado
1000010819	Ahumado
1000010821	Ahumado
1000010822	Ahumado
1000010823	Ahumado
1000010825	Ahumado
1000010827	Ahumado
1000010828	Ahumado
1000010829	Ahumado
1000010831	Ahumado
1000010832	Ahumado
1000010838	Ahumado
1000010841	Ahumado
1000010842	Ahumado
1000010843	Ahumado
1000010845	Ahumado
1000010846	Ahumado
1000010847	Ahumado
1000010850	Ahumado
1000010855	Ahumado
1000010857	Ahumado
1000010860	Ahumado
1000010864	Ahumado
1000010865	Ahumado
1000010866	Ahumado
1000010868	Ahumado
1000010870	Ahumado
1000010875	Ahumado
1000010878	Ahumado
1000010879	Ahumado
1000010880	Ahumado
1000010881	Ahumado
1000010885	Ahumado
1000010891	Ahumado
1000010893	Ahumado
1000010899	Ahumado
1000010902	Ahumado
1000010903	Ahumado
1000010904	Ahumado
1000010907	Ahumado
1000010911	Ahumado
1000010912	Ahumado
1000010914	Ahumado
1000010917	Ahumado
1000010919	Ahumado
1000010922	Ahumado
1000010923	Ahumado
1000010928	Ahumado
1000010929	Ahumado
1000010932	Ahumado
1000010126	Alga Seca
1000010178	Alga Seca
1000010196	Alga Seca
1000010212	Alga Seca
1000010279	Alga Seca
1000010643	Alga Seca
1000010647	Alga Seca
1000010688	Alga Seca
1000010711	Alga Seca
1000010736	Alga Seca
1000010755	Alga Seca
1000010766	Alga Seca
1000010773	Alga Seca
1000010782	Alga Seca
1000010789	Alga Seca
1000010792	Alga Seca
1000010795	Alga Seca
1000010806	Alga Seca
1000010812	Alga Seca
1000010817	Alga Seca
1000010819	Alga Seca
1000010827	Alga Seca
1000010829	Alga Seca
1000010831	Alga Seca
1000010832	Alga Seca
1000010847	Alga Seca
1000010850	Alga Seca
1000010866	Alga Seca
1000010906	Alga Seca
1000010907	Alga Seca
1000010913	Alga Seca
1000010914	Alga Seca
1000010918	Alga Seca
1000010922	Alga Seca
1000010924	Alga Seca
1000010925	Alga Seca
1000010929	Alga Seca
1000010178	Alginato
1000010647	Alginato
1000010817	Alginato
1000010827	Alginato
1000010831	Alginato
1000010838	Alginato
1000010845	Alginato
1000010176	Carragenina
1000010178	Carragenina
1000010647	Carragenina
1000010817	Carragenina
1000010827	Carragenina
1000010831	Carragenina
1000010834	Carragenina
1000010064	Cocido (Semielaborado)
1000010068	Cocido (Semielaborado)
1000010130	Cocido (Semielaborado)
1000010217	Cocido (Semielaborado)
1000010274	Cocido (Semielaborado)
1000010663	Cocido (Semielaborado)
1000010669	Cocido (Semielaborado)
1000010671	Cocido (Semielaborado)
1000010673	Cocido (Semielaborado)
1000010679	Cocido (Semielaborado)
1000010685	Cocido (Semielaborado)
1000010688	Cocido (Semielaborado)
1000010690	Cocido (Semielaborado)
1000010692	Cocido (Semielaborado)
1000010695	Cocido (Semielaborado)
1000010703	Cocido (Semielaborado)
1000010704	Cocido (Semielaborado)
1000010708	Cocido (Semielaborado)
1000010709	Cocido (Semielaborado)
1000010711	Cocido (Semielaborado)
1000010715	Cocido (Semielaborado)
1000010718	Cocido (Semielaborado)
1000010719	Cocido (Semielaborado)
1000010722	Cocido (Semielaborado)
1000010729	Cocido (Semielaborado)
1000010732	Cocido (Semielaborado)
1000010743	Cocido (Semielaborado)
1000010747	Cocido (Semielaborado)
1000010749	Cocido (Semielaborado)
1000010754	Cocido (Semielaborado)
1000010755	Cocido (Semielaborado)
1000010759	Cocido (Semielaborado)
1000010764	Cocido (Semielaborado)
1000010766	Cocido (Semielaborado)
1000010767	Cocido (Semielaborado)
1000010770	Cocido (Semielaborado)
1000010772	Cocido (Semielaborado)
1000010773	Cocido (Semielaborado)
1000010781	Cocido (Semielaborado)
1000010782	Cocido (Semielaborado)
1000010785	Cocido (Semielaborado)
1000010789	Cocido (Semielaborado)
1000010790	Cocido (Semielaborado)
1000010791	Cocido (Semielaborado)
1000010797	Cocido (Semielaborado)
1000010800	Cocido (Semielaborado)
1000010801	Cocido (Semielaborado)
1000010802	Cocido (Semielaborado)
1000010803	Cocido (Semielaborado)
1000010806	Cocido (Semielaborado)
1000010807	Cocido (Semielaborado)
1000010812	Cocido (Semielaborado)
1000010817	Cocido (Semielaborado)
1000010819	Cocido (Semielaborado)
1000010821	Cocido (Semielaborado)
1000010822	Cocido (Semielaborado)
1000010825	Cocido (Semielaborado)
1000010827	Cocido (Semielaborado)
1000010828	Cocido (Semielaborado)
1000010830	Cocido (Semielaborado)
1000010831	Cocido (Semielaborado)
1000010847	Cocido (Semielaborado)
1000010040	Congelado
1000010056	Congelado
1000010064	Congelado
1000010067	Congelado
1000010086	Congelado
1000010097	Congelado
1000010112	Congelado
1000010116	Congelado
1000010126	Congelado
1000010130	Congelado
1000010135	Congelado
1000010156	Congelado
1000010160	Congelado
1000010177	Congelado
1000010195	Congelado
1000010210	Congelado
1000010212	Congelado
1000010213	Congelado
1000010217	Congelado
1000010223	Congelado
1000010229	Congelado
1000010231	Congelado
1000010241	Congelado
1000010256	Congelado
1000010273	Congelado
1000010274	Congelado
1000010279	Congelado
1000010604	Congelado
1000010608	Congelado
1000010613	Congelado
1000010620	Congelado
1000010621	Congelado
1000010622	Congelado
1000010624	Congelado
1000010632	Congelado
1000010636	Congelado
1000010647	Congelado
1000010648	Congelado
1000010651	Congelado
1000010655	Congelado
1000010658	Congelado
1000010660	Congelado
1000010663	Congelado
1000010664	Congelado
1000010666	Congelado
1000010667	Congelado
1000010668	Congelado
1000010669	Congelado
1000010670	Congelado
1000010671	Congelado
1000010673	Congelado
1000010675	Congelado
1000010678	Congelado
1000010679	Congelado
1000010681	Congelado
1000010685	Congelado
1000010688	Congelado
1000010690	Congelado
1000010692	Congelado
1000010695	Congelado
1000010703	Congelado
1000010704	Congelado
1000010707	Congelado
1000010708	Congelado
1000010709	Congelado
1000010711	Congelado
1000010715	Congelado
1000010716	Congelado
1000010718	Congelado
1000010719	Congelado
1000010722	Congelado
1000010723	Congelado
1000010727	Congelado
1000010728	Congelado
1000010729	Congelado
1000010731	Congelado
1000010732	Congelado
1000010735	Congelado
1000010743	Congelado
1000010746	Congelado
1000010747	Congelado
1000010748	Congelado
1000010749	Congelado
1000010751	Congelado
1000010752	Congelado
1000010753	Congelado
1000010754	Congelado
1000010755	Congelado
1000010759	Congelado
1000010762	Congelado
1000010766	Congelado
1000010767	Congelado
1000010768	Congelado
1000010769	Congelado
1000010770	Congelado
1000010772	Congelado
1000010773	Congelado
1000010774	Congelado
1000010781	Congelado
1000010782	Congelado
1000010785	Congelado
1000010788	Congelado
1000010789	Congelado
1000010790	Congelado
1000010791	Congelado
1000010792	Congelado
1000010793	Congelado
1000010795	Congelado
1000010796	Congelado
1000010797	Congelado
1000010798	Congelado
1000010800	Congelado
1000010801	Congelado
1000010802	Congelado
1000010803	Congelado
1000010806	Congelado
1000010807	Congelado
1000010810	Congelado
1000010812	Congelado
1000010815	Congelado
1000010817	Congelado
1000010819	Congelado
1000010821	Congelado
1000010822	Congelado
1000010823	Congelado
1000010825	Congelado
1000010827	Congelado
1000010828	Congelado
1000010829	Congelado
1000010830	Congelado
1000010831	Congelado
1000010832	Congelado
1000010838	Congelado
1000010840	Congelado
1000010841	Congelado
1000010842	Congelado
1000010843	Congelado
1000010845	Congelado
1000010846	Congelado
1000010847	Congelado
1000010850	Congelado
1000010852	Congelado
1000010853	Congelado
1000010855	Congelado
1000010856	Congelado
1000010857	Congelado
1000010860	Congelado
1000010862	Congelado
1000010864	Congelado
1000010865	Congelado
1000010866	Congelado
1000010867	Congelado
1000010868	Congelado
1000010870	Congelado
1000010871	Congelado
1000010873	Congelado
1000010875	Congelado
1000010876	Congelado
1000010877	Congelado
1000010878	Congelado
1000010879	Congelado
1000010880	Congelado
1000010883	Congelado
1000010884	Congelado
1000010885	Congelado
1000010887	Congelado
1000010888	Congelado
1000010891	Congelado
1000010892	Congelado
1000010893	Congelado
1000010894	Congelado
1000010899	Congelado
1000010900	Congelado
1000010902	Congelado
1000010903	Congelado
1000010904	Congelado
1000010905	Congelado
1000010907	Congelado
1000010909	Congelado
1000010910	Congelado
1000010911	Congelado
1000010912	Congelado
1000010914	Congelado
1000010915	Congelado
1000010916	Congelado
1000010917	Congelado
1000010919	Congelado
1000010920	Congelado
1000010921	Congelado
1000010922	Congelado
1000010923	Congelado
1000010926	Congelado
1000010927	Congelado
1000010928	Congelado
1000010929	Congelado
1000010932	Congelado
1000010933	Congelado
1000010097	Congelado De Huevos
1000010112	Congelado De Huevos
1000010116	Congelado De Huevos
1000010126	Congelado De Huevos
1000010130	Congelado De Huevos
1000010210	Congelado De Huevos
1000010229	Congelado De Huevos
1000010231	Congelado De Huevos
1000010256	Congelado De Huevos
1000010279	Congelado De Huevos
1000010604	Congelado De Huevos
1000010608	Congelado De Huevos
1000010613	Congelado De Huevos
1000010620	Congelado De Huevos
1000010621	Congelado De Huevos
1000010622	Congelado De Huevos
1000010624	Congelado De Huevos
1000010746	Congelado De Huevos
1000010097	Congelado De Otros
1000010112	Congelado De Otros
1000010116	Congelado De Otros
1000010126	Congelado De Otros
1000010130	Congelado De Otros
1000010210	Congelado De Otros
1000010229	Congelado De Otros
1000010231	Congelado De Otros
1000010256	Congelado De Otros
1000010279	Congelado De Otros
1000010604	Congelado De Otros
1000010608	Congelado De Otros
1000010613	Congelado De Otros
1000010620	Congelado De Otros
1000010621	Congelado De Otros
1000010622	Congelado De Otros
1000010624	Congelado De Otros
1000010746	Congelado De Otros
1000010097	Congelado Descabezado
1000010112	Congelado Descabezado
1000010116	Congelado Descabezado
1000010126	Congelado Descabezado
1000010130	Congelado Descabezado
1000010210	Congelado Descabezado
1000010229	Congelado Descabezado
1000010231	Congelado Descabezado
1000010256	Congelado Descabezado
1000010279	Congelado Descabezado
1000010604	Congelado Descabezado
1000010608	Congelado Descabezado
1000010613	Congelado Descabezado
1000010620	Congelado Descabezado
1000010621	Congelado Descabezado
1000010622	Congelado Descabezado
1000010624	Congelado Descabezado
1000010746	Congelado Descabezado
1000010097	Congelado Entero
1000010112	Congelado Entero
1000010116	Congelado Entero
1000010126	Congelado Entero
1000010130	Congelado Entero
1000010210	Congelado Entero
1000010229	Congelado Entero
1000010231	Congelado Entero
1000010256	Congelado Entero
1000010279	Congelado Entero
1000010604	Congelado Entero
1000010608	Congelado Entero
1000010613	Congelado Entero
1000010620	Congelado Entero
1000010621	Congelado Entero
1000010622	Congelado Entero
1000010624	Congelado Entero
1000010746	Congelado Entero
1000010097	Congelado Filete
1000010112	Congelado Filete
1000010116	Congelado Filete
1000010126	Congelado Filete
1000010130	Congelado Filete
1000010210	Congelado Filete
1000010229	Congelado Filete
1000010231	Congelado Filete
1000010256	Congelado Filete
1000010279	Congelado Filete
1000010604	Congelado Filete
1000010608	Congelado Filete
1000010613	Congelado Filete
1000010620	Congelado Filete
1000010621	Congelado Filete
1000010622	Congelado Filete
1000010624	Congelado Filete
1000010746	Congelado Filete
1000010097	Congelado Hg
1000010112	Congelado Hg
1000010116	Congelado Hg
1000010126	Congelado Hg
1000010130	Congelado Hg
1000010210	Congelado Hg
1000010229	Congelado Hg
1000010231	Congelado Hg
1000010256	Congelado Hg
1000010279	Congelado Hg
1000010604	Congelado Hg
1000010608	Congelado Hg
1000010613	Congelado Hg
1000010620	Congelado Hg
1000010621	Congelado Hg
1000010622	Congelado Hg
1000010624	Congelado Hg
1000010678	Congelado Hg
1000010746	Congelado Hg
1000010040	Conservas
1000010056	Conservas
1000010064	Conservas
1000010095	Conservas
1000010097	Conservas
1000010112	Conservas
1000010116	Conservas
1000010126	Conservas
1000010130	Conservas
1000010156	Conservas
1000010195	Conservas
1000010210	Conservas
1000010212	Conservas
1000010213	Conservas
1000010217	Conservas
1000010223	Conservas
1000010229	Conservas
1000010256	Conservas
1000010273	Conservas
1000010274	Conservas
1000010279	Conservas
1000010604	Conservas
1000010608	Conservas
1000010613	Conservas
1000010620	Conservas
1000010622	Conservas
1000010624	Conservas
1000010632	Conservas
1000010647	Conservas
1000010648	Conservas
1000010651	Conservas
1000010666	Conservas
1000010667	Conservas
1000010670	Conservas
1000010671	Conservas
1000010675	Conservas
1000010678	Conservas
1000010681	Conservas
1000010685	Conservas
1000010688	Conservas
1000010692	Conservas
1000010695	Conservas
1000010703	Conservas
1000010704	Conservas
1000010708	Conservas
1000010709	Conservas
1000010711	Conservas
1000010715	Conservas
1000010716	Conservas
1000010718	Conservas
1000010719	Conservas
1000010722	Conservas
1000010723	Conservas
1000010728	Conservas
1000010729	Conservas
1000010732	Conservas
1000010743	Conservas
1000010747	Conservas
1000010749	Conservas
1000010752	Conservas
1000010754	Conservas
1000010755	Conservas
1000010759	Conservas
1000010767	Conservas
1000010769	Conservas
1000010773	Conservas
1000010779	Conservas
1000010781	Conservas
1000010782	Conservas
1000010793	Conservas
1000010800	Conservas
1000010801	Conservas
1000010802	Conservas
1000010803	Conservas
1000010806	Conservas
1000010807	Conservas
1000010812	Conservas
1000010815	Conservas
1000010817	Conservas
1000010819	Conservas
1000010825	Conservas
1000010827	Conservas
1000010828	Conservas
1000010829	Conservas
1000010830	Conservas
1000010831	Conservas
1000010838	Conservas
1000010842	Conservas
1000010843	Conservas
1000010845	Conservas
1000010846	Conservas
1000010850	Conservas
1000010855	Conservas
1000010856	Conservas
1000010857	Conservas
1000010864	Conservas
1000010866	Conservas
1000010868	Conservas
1000010870	Conservas
1000010875	Conservas
1000010878	Conservas
1000010881	Conservas
1000010885	Conservas
1000010887	Conservas
1000010891	Conservas
1000010899	Conservas
1000010902	Conservas
1000010904	Conservas
1000010907	Conservas
1000010911	Conservas
1000010912	Conservas
1000010914	Conservas
1000010917	Conservas
1000010920	Conservas
1000010922	Conservas
1000010923	Conservas
1000010928	Conservas
1000010929	Conservas
1000010930	Conservas
1000010932	Conservas
1000010116	Deshidratado
1000010126	Deshidratado
1000010156	Deshidratado
1000010195	Deshidratado
1000010210	Deshidratado
1000010212	Deshidratado
1000010213	Deshidratado
1000010229	Deshidratado
1000010274	Deshidratado
1000010632	Deshidratado
1000010647	Deshidratado
1000010651	Deshidratado
1000010670	Deshidratado
1000010678	Deshidratado
1000010679	Deshidratado
1000010681	Deshidratado
1000010685	Deshidratado
1000010688	Deshidratado
1000010695	Deshidratado
1000010704	Deshidratado
1000010711	Deshidratado
1000010715	Deshidratado
1000010732	Deshidratado
1000010755	Deshidratado
1000010767	Deshidratado
1000010769	Deshidratado
1000010782	Deshidratado
1000010795	Deshidratado
1000010801	Deshidratado
1000010802	Deshidratado
1000010803	Deshidratado
1000010806	Deshidratado
1000010807	Deshidratado
1000010812	Deshidratado
1000010817	Deshidratado
1000010819	Deshidratado
1000010827	Deshidratado
1000010828	Deshidratado
1000010829	Deshidratado
1000010831	Deshidratado
1000010832	Deshidratado
1000010838	Deshidratado
1000010842	Deshidratado
1000010843	Deshidratado
1000010845	Deshidratado
1000010850	Deshidratado
1000010855	Deshidratado
1000010864	Deshidratado
1000010866	Deshidratado
1000010870	Deshidratado
1000010878	Deshidratado
1000010879	Deshidratado
1000010881	Deshidratado
1000010885	Deshidratado
1000010887	Deshidratado
1000010906	Deshidratado
1000010907	Deshidratado
1000010914	Deshidratado
1000010922	Deshidratado
1000010929	Deshidratado
1000010855	Embutidos Fresco Enfriados
1000010866	Embutidos Fresco Enfriados
1000010870	Embutidos Fresco Enfriados
1000010040	Fresco Enfriado
1000010056	Fresco Enfriado
1000010064	Fresco Enfriado
1000010067	Fresco Enfriado
1000010086	Fresco Enfriado
1000010097	Fresco Enfriado
1000010112	Fresco Enfriado
1000010116	Fresco Enfriado
1000010126	Fresco Enfriado
1000010135	Fresco Enfriado
1000010156	Fresco Enfriado
1000010160	Fresco Enfriado
1000010177	Fresco Enfriado
1000010195	Fresco Enfriado
1000010210	Fresco Enfriado
1000010212	Fresco Enfriado
1000010213	Fresco Enfriado
1000010217	Fresco Enfriado
1000010229	Fresco Enfriado
1000010231	Fresco Enfriado
1000010241	Fresco Enfriado
1000010273	Fresco Enfriado
1000010274	Fresco Enfriado
1000010279	Fresco Enfriado
1000010604	Fresco Enfriado
1000010608	Fresco Enfriado
1000010613	Fresco Enfriado
1000010620	Fresco Enfriado
1000010621	Fresco Enfriado
1000010622	Fresco Enfriado
1000010624	Fresco Enfriado
1000010632	Fresco Enfriado
1000010636	Fresco Enfriado
1000010647	Fresco Enfriado
1000010651	Fresco Enfriado
1000010655	Fresco Enfriado
1000010658	Fresco Enfriado
1000010660	Fresco Enfriado
1000010663	Fresco Enfriado
1000010664	Fresco Enfriado
1000010666	Fresco Enfriado
1000010667	Fresco Enfriado
1000010669	Fresco Enfriado
1000010670	Fresco Enfriado
1000010671	Fresco Enfriado
1000010673	Fresco Enfriado
1000010675	Fresco Enfriado
1000010678	Fresco Enfriado
1000010679	Fresco Enfriado
1000010685	Fresco Enfriado
1000010688	Fresco Enfriado
1000010690	Fresco Enfriado
1000010692	Fresco Enfriado
1000010695	Fresco Enfriado
1000010703	Fresco Enfriado
1000010704	Fresco Enfriado
1000010707	Fresco Enfriado
1000010708	Fresco Enfriado
1000010709	Fresco Enfriado
1000010711	Fresco Enfriado
1000010715	Fresco Enfriado
1000010716	Fresco Enfriado
1000010718	Fresco Enfriado
1000010719	Fresco Enfriado
1000010722	Fresco Enfriado
1000010723	Fresco Enfriado
1000010727	Fresco Enfriado
1000010728	Fresco Enfriado
1000010729	Fresco Enfriado
1000010731	Fresco Enfriado
1000010732	Fresco Enfriado
1000010735	Fresco Enfriado
1000010743	Fresco Enfriado
1000010746	Fresco Enfriado
1000010747	Fresco Enfriado
1000010748	Fresco Enfriado
1000010749	Fresco Enfriado
1000010751	Fresco Enfriado
1000010752	Fresco Enfriado
1000010753	Fresco Enfriado
1000010755	Fresco Enfriado
1000010759	Fresco Enfriado
1000010766	Fresco Enfriado
1000010767	Fresco Enfriado
1000010768	Fresco Enfriado
1000010769	Fresco Enfriado
1000010770	Fresco Enfriado
1000010772	Fresco Enfriado
1000010773	Fresco Enfriado
1000010778	Fresco Enfriado
1000010781	Fresco Enfriado
1000010782	Fresco Enfriado
1000010785	Fresco Enfriado
1000010788	Fresco Enfriado
1000010789	Fresco Enfriado
1000010790	Fresco Enfriado
1000010791	Fresco Enfriado
1000010792	Fresco Enfriado
1000010793	Fresco Enfriado
1000010795	Fresco Enfriado
1000010797	Fresco Enfriado
1000010798	Fresco Enfriado
1000010800	Fresco Enfriado
1000010801	Fresco Enfriado
1000010802	Fresco Enfriado
1000010803	Fresco Enfriado
1000010806	Fresco Enfriado
1000010810	Fresco Enfriado
1000010812	Fresco Enfriado
1000010817	Fresco Enfriado
1000010819	Fresco Enfriado
1000010821	Fresco Enfriado
1000010822	Fresco Enfriado
1000010823	Fresco Enfriado
1000010825	Fresco Enfriado
1000010827	Fresco Enfriado
1000010828	Fresco Enfriado
1000010829	Fresco Enfriado
1000010830	Fresco Enfriado
1000010831	Fresco Enfriado
1000010837	Fresco Enfriado
1000010838	Fresco Enfriado
1000010840	Fresco Enfriado
1000010841	Fresco Enfriado
1000010845	Fresco Enfriado
1000010846	Fresco Enfriado
1000010847	Fresco Enfriado
1000010850	Fresco Enfriado
1000010852	Fresco Enfriado
1000010853	Fresco Enfriado
1000010855	Fresco Enfriado
1000010856	Fresco Enfriado
1000010857	Fresco Enfriado
1000010860	Fresco Enfriado
1000010862	Fresco Enfriado
1000010863	Fresco Enfriado
1000010864	Fresco Enfriado
1000010865	Fresco Enfriado
1000010866	Fresco Enfriado
1000010867	Fresco Enfriado
1000010868	Fresco Enfriado
1000010870	Fresco Enfriado
1000010871	Fresco Enfriado
1000010875	Fresco Enfriado
1000010876	Fresco Enfriado
1000010878	Fresco Enfriado
1000010879	Fresco Enfriado
1000010880	Fresco Enfriado
1000010881	Fresco Enfriado
1000010884	Fresco Enfriado
1000010885	Fresco Enfriado
1000010887	Fresco Enfriado
1000010888	Fresco Enfriado
1000010891	Fresco Enfriado
1000010892	Fresco Enfriado
1000010893	Fresco Enfriado
1000010899	Fresco Enfriado
1000010900	Fresco Enfriado
1000010902	Fresco Enfriado
1000010903	Fresco Enfriado
1000010904	Fresco Enfriado
1000010905	Fresco Enfriado
1000010907	Fresco Enfriado
1000010908	Fresco Enfriado
1000010909	Fresco Enfriado
1000010911	Fresco Enfriado
1000010914	Fresco Enfriado
1000010915	Fresco Enfriado
1000010916	Fresco Enfriado
1000010917	Fresco Enfriado
1000010919	Fresco Enfriado
1000010920	Fresco Enfriado
1000010921	Fresco Enfriado
1000010922	Fresco Enfriado
1000010923	Fresco Enfriado
1000010926	Fresco Enfriado
1000010928	Fresco Enfriado
1000010929	Fresco Enfriado
1000010931	Fresco Enfriado
1000010932	Fresco Enfriado
1000010933	Fresco Enfriado
1000010617	Harina
1000010618	Harina
1000010623	Harina
1000010632	Harina
1000010647	Harina
1000010688	Harina
1000010695	Harina
1000010776	Harina
1000010802	Harina
1000010817	Harina
1000010827	Harina
1000010831	Harina
1000010832	Harina
1000010838	Harina
1000010843	Harina
1000010845	Harina
1000010849	Harina
1000010879	Harina
1000010617	Harina Prime
1000010618	Harina Prime
1000010623	Harina Prime
1000010718	Peptona
1000010056	Salado Humedo
1000010116	Salado Humedo
1000010210	Salado Humedo
1000010212	Salado Humedo
1000010229	Salado Humedo
1000010274	Salado Humedo
1000010651	Salado Humedo
1000010688	Salado Humedo
1000010728	Salado Humedo
1000010792	Salado Humedo
1000010812	Salado Humedo
1000010817	Salado Humedo
1000010819	Salado Humedo
1000010827	Salado Humedo
1000010828	Salado Humedo
1000010829	Salado Humedo
1000010831	Salado Humedo
1000010832	Salado Humedo
1000010838	Salado Humedo
1000010842	Salado Humedo
1000010845	Salado Humedo
1000010847	Salado Humedo
1000010853	Salado Humedo
1000010864	Salado Humedo
1000010865	Salado Humedo
1000010870	Salado Humedo
1000010875	Salado Humedo
1000010878	Salado Humedo
1000010880	Salado Humedo
1000010881	Salado Humedo
1000010885	Salado Humedo
1000010887	Salado Humedo
1000010907	Salado Humedo
1000010914	Salado Humedo
1000010919	Salado Humedo
1000010922	Salado Humedo
1000010929	Salado Humedo
1000010056	Seco Salado
1000010097	Seco Salado
1000010116	Seco Salado
1000010195	Seco Salado
1000010210	Seco Salado
1000010212	Seco Salado
1000010213	Seco Salado
1000010229	Seco Salado
1000010274	Seco Salado
1000010613	Seco Salado
1000010620	Seco Salado
1000010632	Seco Salado
1000010651	Seco Salado
1000010663	Seco Salado
1000010667	Seco Salado
1000010669	Seco Salado
1000010670	Seco Salado
1000010673	Seco Salado
1000010678	Seco Salado
1000010688	Seco Salado
1000010690	Seco Salado
1000010692	Seco Salado
1000010695	Seco Salado
1000010703	Seco Salado
1000010708	Seco Salado
1000010715	Seco Salado
1000010722	Seco Salado
1000010723	Seco Salado
1000010729	Seco Salado
1000010732	Seco Salado
1000010753	Seco Salado
1000010755	Seco Salado
1000010759	Seco Salado
1000010766	Seco Salado
1000010767	Seco Salado
1000010768	Seco Salado
1000010772	Seco Salado
1000010773	Seco Salado
1000010782	Seco Salado
1000010784	Seco Salado
1000010793	Seco Salado
1000010806	Seco Salado
1000010812	Seco Salado
1000010817	Seco Salado
1000010819	Seco Salado
1000010827	Seco Salado
1000010828	Seco Salado
1000010829	Seco Salado
1000010831	Seco Salado
1000010832	Seco Salado
1000010838	Seco Salado
1000010842	Seco Salado
1000010845	Seco Salado
1000010847	Seco Salado
1000010850	Seco Salado
1000010853	Seco Salado
1000010864	Seco Salado
1000010866	Seco Salado
1000010870	Seco Salado
1000010875	Seco Salado
1000010878	Seco Salado
1000010881	Seco Salado
1000010885	Seco Salado
1000010887	Seco Salado
1000010902	Seco Salado
1000010907	Seco Salado
1000010914	Seco Salado
1000010917	Seco Salado
1000010919	Seco Salado
1000010922	Seco Salado
1000010929	Seco Salado
1000010056	Surimi
1000010817	Surimi
1000010819	Surimi
1000010827	Surimi
1000010829	Surimi
1000010831	Surimi
1000010838	Surimi
1000010845	Surimi
1000010850	Surimi
1000010866	Surimi
1000010870	Surimi
1000010875	Surimi
1000010878	Surimi
1000010885	Surimi
1000010929	Surimi
1000010769	Vivos
